Word,Count
the,16
h+,5
sport,4
ultimate,1
goal:,1
to,36
create,3
great,2
products,11
that,15
inspire,1
and,41
support,3
our,27
customers,5
live,2
up,3
their,9
expectation,1
we,28
always,1
have,2
best,1
interest,1
at,3
heart,1
want,3
them,3
take,1
pride,1
in,16
accomplishments,1
be,2
proud,1
purchase,2
help,3
get,2
there,1
trust,2
abilities,1
will,2
meet,1
or,1
surpass,1
nutritional,4
physical,1
expectations,1
feel,2
so,2
strongly,2
about,1
this,6
continue,1
offer,1
100-percent-happy,1
guarantee,1
founder,1
henry,2
twill,1
set,2
out,1
2006,1
supplements,3
made,1
from,4
purest,2
ingredients,3
backed,2
by,3
scientific,2
performance,3
data,3
after,1
recovering,1
a,16
lengthy,2
injury,1
left,1
him,1
with,4
residual,1
aches,1
pains,1
decreased,1
athletic,1
he,3
was,1
disheartened,1
vast,1
array,1
of,13
on,7
market,1
subsisted,1
lofty,1
claims,2
little,1
proof,1
those,3
yearned,1
for,11
simple,1
natural,2
form,1
instead,1
labels,1
chemical,1
names,1
disclaimers,1
also,1
cares,1
immensely,1
environment,1
wanted,1
find,2
were,2
responsibly,1
sourced,1
when,1
no,1
lived,1
his,4
strict,1
requirements,1
sights,1
creating,1
catered,1
own,1
vision,1
now,1
decade,1
half,1
later,1
h+sport,1
offers,1
energy,2
bars,3
rehydration,1
solutions,1
active,2
wear,1
enhances,1
complements,1
lifestyles,1
do,3
not,2
just,1
say,2
you,8
buy,1
productsâ€”everything,1
is,8
created,1
using,1
renewable,1
resources,1
plus,1
let,1
us,4
know,4
how,2
much,1
means,1
themâ€”what,1
they,1
like,3
more,2
success,2
testament,1
believe,1
providing,1
all,3
information,2
need,1
make,5
an,2
informed,1
decision,1
every,2
strive,1
materials,1
processing,1
manufacturing,1
as,6
accessible,1
possible,1
website,1
wwwhplussportcom,1
has,2
facts,1
garment,1
availableâ€”and,1
mean,1
it,4
transparent,1
business,2
practices,1
are,5
necessary,1
keeping,1
company,3
honest,1
committed,1
values,2
ideals,1
deserve,1
well,1
work,1
philosophy,1
getting,1
done,1
everything,2
keep,3
mind,1
community,1
world,2
move,1
should,1
better,3
place,1
philanthropy,1
extremely,1
important,2
fact,1
pay,1
each,1
employee,2
volunteer,1
non-profit,1
organizations,1
choice,1
doing,3
good,2
breeds,1
happy,1
promote,1
cycle,1
volunteerism,1
keeps,1
giving,1
addition,1
local,1
national,1
emergency,1
teams,2
free,1
donations,1
last,1
year,4
distributed,1
over,1
quarter,1
million,1
these,1
personnel,1
strength,1
endurance,1
been,2
sport!,1
board,2
chair,1
i,5
am,1
delighted,1
fill,1
what,2
hoping,1
accomplish,1
coming,1
before,1
into,2
few,2
details,1
would,1
extend,1
sincere,1
thank,2
employees,1
your,2
dedication,1
test,1
kitchen,1
production,1
line,2
sales,1
marketing,1
teamâ€”we,1
trite,1
but,1
cannot,1
it:,1
without,1
nothing,1
ideas,1
skills,1
talents,1
drive,1
reflects,1
pushes,1
ahead,1
bottom,1
than,1
ever,1
because,2
proposing,1
increase,2
stock,1
dividend,1
share,1
value,1
roster,1
annual,1
stockholder,1
meeting,1
early,1
past,1
needed,1
budget,1
fruit,2
nut,2
unpredicted,1
scarcity,1
mainland,1
fires,1
unfortunately,1
destroyed,1
percentage,1
usual,1
sources,1
had,1
search,1
comparable,1
organic,1
components,1
sustainable,1
suppliers,1
resulted,1
higher,1
price,1
per,1
product,2
produce,1
however,1
very,1
fortunate,1
new,1
packaging,1
resource,1
both,1
quality,1
lower,1
cost,1
which,1
allowed,1
food,1
prices,1
steady,1
russian,1
president,1
vladimir,1
putinî“ã‡ã–s,1
so-far-disastrous,1
invasion,1
ukraine,1
turning,1
former,1
idol,1
far,1
right,1
toxic,1
figure,1
among,1
many,1
who,1
used,1
greatest,1
admirers,1
